uid,line_recall,line_precision,line_f1,line_correct_type,line_total_pred,line_total_gt,line_param_s_x,line_param_s_y,line_param_e_x,line_param_e_y,arc_recall,arc_precision,arc_f1,arc_correct_type,arc_total_pred,arc_total_gt,arc_param_s_x,arc_param_s_y,arc_param_m_x,arc_param_m_y,arc_param_e_x,arc_param_e_y,arc_param_x,arc_param_y,circle_recall,circle_precision,circle_f1,circle_total_pred,circle_total_gt,circle_correct_type,circle_param_c_x,circle_param_c_y,circle_param_r,macro_recall,macro_precision,macro_f1,micro_recall,micro_precision,micro_f1,total_type_acc,model_type,num_skt_gt,num_skt_pred,theta,phi,gamma,o_x,o_y,o_z,scale,dist,b,num_ext_pred,num_ext_gt,num_ext,cd
part_3_vi_part_3_new_1508,0.0,0.0,0.0,0,0,0,0,0,0,0,0.0,0.0,0.0,0,0,0,0,0,0,0,0,0,0,0,1.0,1.0,1.0,4,4,4,0,0,0,1.0,1.0,1.0,1.0,1.0,1.0,1.0,simple,2,2,0.0,0.0,0.0,0.0,0.0,0.0,0.0,0.0,1,2,2,2,0.016274414209585943
part_6_en_part_6_new_122,1.0,1.0,1.0,3,3,3,0,0,0,0,1.0,1.0,1.0,1,1,1,0,0,0,0,0,0,0,0,1.0,1.0,1.0,3,3,3,1,1,1,1.0,1.0,1.0,1.0,1.0,1.0,1.0,simple,2,2,2.2089323345553233,0.0,0.0,0.0009968750000000082,0.0006843750000000703,0.0026177083333331908,0.001408333333333333,0.0029302083333333506,1,2,2,2,1.9141162165263155
part_5_vi_part_5_new_92,1.0,1.0,1.0,4,4,4,0,0,0,0,0.0,0.0,0.0,0,0,0,0,0,0,0,0,0,0,0,1.0,1.0,1.0,4,4,4,2,0,0,1.0,1.0,1.0,1.0,1.0,1.0,1.0,simple,3,3,2.208932334555323,0.0,2.208932334555323,0.0032729166666667364,0.001348958333333261,0.002148958333333395,0.0026729166666666655,0.0015375000000004135,3,3,3,3,4.317400638074533
part_10_en_part_10_new_6,1.0,1.0,1.0,13,13,13,11,2,7,2,1.0,1.0,1.0,2,2,2,0,0,0,0,0,0,0,0,0.0,0.0,0.0,0,0,0,0,0,0,1.0,1.0,1.0,1.0,1.0,1.0,1.0,moderate,2,2,0.0,0.0,0.0,0.0040781249999999325,0.005093750000000119,0.0020812500000000345,0.005036458333333333,0.0,1,2,2,2,2.8999791229343113
part_2_vi_part_2_new_13438,0.8888888888888888,1.0,0.9411764705882353,8,8,9,4,6,4,6,0.0,0.0,0.0,0,0,0,0,0,0,0,0,0,0,0,0.0,0.0,0.0,0,0,0,0,0,0,0.8888888888888888,1.0,0.9411764705882353,0.8888888888888888,1.0,0.9411764705882353,0.8888888888888888,simple,1,1,0.0,0.0,2.208932334555323,0.0,0.0025250000000001105,0.0,0.0027593750000000005,0.0018739583333333698,1,1,1,1,154.83604169992404
part_5_en_part_5_new_1371,0.75,1.0,0.8571428571428571,12,12,16,0,1,0,0,0.0,0.0,0.0,0,0,0,0,0,0,0,0,0,0,0,0.0,0.0,0.0,0,0,0,0,0,0,0.75,1.0,0.8571428571428571,0.75,1.0,0.8571428571428571,0.75,moderate,2,2,0.0,0.0,2.208932334555323,9.79166666665865e-05,0.0009770833333333506,0.0009770833333333506,0.00019583333333333323,0.005859375,1,2,2,2,5.050362854144343
part_5_en_part_5_new_98,1.0,1.0,1.0,12,12,12,0,0,0,0,0.0,0.0,0.0,0,0,0,0,0,0,0,0,0,0,0,0.0,0.0,0.0,0,0,0,0,0,0,1.0,1.0,1.0,1.0,1.0,1.0,1.0,moderate,3,3,0.0,0.0,0.0,0.007604166666666634,0.0,0.0002083333333333659,0.0,0.0,3,3,3,3,0.15075996395726718
part_4_vi_part_4_new_1993,0.6666666666666666,1.0,0.8,8,8,12,1,1,1,1,0.0,0.0,0.0,0,0,0,0,0,0,0,0,0,0,0,0.0,0.0,0.0,0,0,0,0,0,0,0.6666666666666666,1.0,0.8,0.6666666666666666,1.0,0.8,0.6666666666666666,moderate,2,2,0.0,0.0,0.0,0.0003427083333333858,0.004015625000000078,0.0003583333333334604,0.0025239583333333333,0.004203125000000085,1,2,2,2,101.59681374535528
part_6_en_part_6_new_293,0.5714285714285714,1.0,0.7272727272727273,16,16,28,0,0,0,0,0.0,0.0,0.0,0,0,0,0,0,0,0,0,0,0,0,0.0,0.0,0.0,3,0,0,0,0,0,0.5714285714285714,1.0,0.7272727272727273,0.5714285714285714,1.0,0.7272727272727273,0.5714285714285714,complex,3,3,0.0,0.0,0.0,0.00013020833333343695,0.00013020833333343695,0.0001302083333332149,0.00013020833333333287,0.0029947916666666075,3,3,3,3,7.285756184690996
part_4_vi_part_4_new_251,1.0,1.0,1.0,4,4,4,0,0,0,0,0.0,0.0,0.0,0,0,0,0,0,0,0,0,0,0,0,0.0,0.0,0.0,0,0,0,0,0,0,1.0,1.0,1.0,1.0,1.0,1.0,1.0,simple,1,1,0.0,0.0,0.0,0.0,0.0003906249999998668,0.0,0.0,0.0005208333333328596,1,1,1,1,3.031178156004422
part_4_en_part_4_new_2571,1.0,1.0,1.0,28,28,28,0,0,0,0,1.0,1.0,1.0,8,8,8,0,0,0,0,0,0,0,0,0.0,0.0,0.0,0,0,0,0,0,0,1.0,1.0,1.0,1.0,1.0,1.0,1.0,complex,4,4,0.0,0.0,0.0,0.0003552083333335787,0.0,0.0009229166666666622,0.0007104166666666665,0.0,4,4,4,4,0.16053348800141132
part_5_vi_part_5_new_1375,1.0,1.0,1.0,20,20,20,0,1,0,1,0.0,0.0,0.0,0,0,0,0,0,0,0,0,0,0,0,0.0,0.0,0.0,0,0,0,0,0,0,1.0,1.0,1.0,1.0,1.0,1.0,1.0,moderate,3,3,0.0,0.0,2.208932334555323,0.0009114583333333925,0.0003906249999998668,0.0026041666666667407,0.0018229166666666671,0.00039062499999964473,2,3,3,3,0.7194069155359362
part_3_en_part_3_new_6735,1.0,0.16666666666666666,0.2857142857142857,2,12,2,0,0,0,0,0.0,0.0,0.0,0,4,2,0,0,0,0,0,0,0,0,0.0,0.0,0.0,0,0,0,0,0,0,0.5,0.08333333333333333,0.14285714285714285,0.5,0.125,0.2,0.125,simple,1,1,0.0,0.0,0.0,0.0,0.0015625000000001332,0.0,0.0,0.0006249999999994316,1,1,1,1,179.60203137926882
part_6_vi_part_6_new_615,1.0,0.875,0.9333333333333333,7,8,7,0,0,0,0,0.0,0.0,0.0,0,0,0,0,0,0,0,0,0,0,0,0.0,0.0,0.0,0,0,0,0,0,0,1.0,0.875,0.9333333333333333,1.0,0.875,0.9333333333333333,0.875,simple,2,2,0.0,0.0,2.208932334555323,0.00390625,0.0,0.003275000000000139,0.0020187499999999997,0.004622916666666921,1,2,2,2,14.909014579820093
part_5_en_part_5_new_1118,1.0,1.0,1.0,29,29,29,0,0,0,0,0.0,0.0,0.0,0,0,0,0,0,0,0,0,0,0,0,0.0,0.0,0.0,0,0,0,0,0,0,1.0,1.0,1.0,1.0,1.0,1.0,1.0,complex,4,4,0.0,0.0,0.0,0.005286458333333188,0.0003322916666665954,0.0,0.00019895833333333332,0.0010354166666664,4,4,4,4,46.015613740503674
part_3_vi_part_3_new_7369,0.0,0.0,0.0,0,0,6,0,0,0,0,0.0,0.0,0.0,0,0,6,0,0,0,0,0,0,0,0,1.0,0.6666666666666666,0.8,12,8,8,0,0,0,0.3333333333333333,0.2222222222222222,0.26666666666666666,0.4,0.6666666666666666,0.5,0.4,moderate,3,3,0.0,0.0,2.208932334555323,0.0005906250000000668,0.0005906250000000668,0.005903124999999898,0.00032291666666666666,0.0003416666666669066,3,3,3,3,0.08796390275131906
part_2_en_part_2_new_20286,0.0,0.0,0.0,0,4,6,0,0,0,0,0.3333333333333333,0.5,0.4,2,4,6,0,0,0,0,0,0,0,0,1.0,1.0,1.0,1,1,1,0,0,0,0.4444444444444444,0.5,0.4666666666666666,0.23076923076923078,0.3333333333333333,0.27272727272727276,0.23076923076923078,moderate,1,1,0.0,0.0,0.0,0.0,0.0,0.0,0.0,0.005411458333333119,1,1,1,1,195.49002150922718
part_4_vi_part_4_new_897,0.0,0.0,0.0,0,0,0,0,0,0,0,0.0,0.0,0.0,0,0,0,0,0,0,0,0,0,0,0,1.0,0.5,0.6666666666666666,2,1,1,1,1,0,1.0,0.5,0.6666666666666666,1.0,0.5,0.6666666666666666,0.5,simple,1,1,0.0,0.0,2.208932334555323,0.0006062499999999194,0.0056614583333332025,0.004650000000000043,0.005790625000000001,0.00040729166666686467,1,1,1,1,493.2629197500196
part_4_en_part_4_new_3011,1.0,0.6,0.7499999999999999,6,10,6,0,0,0,0,0.8181818181818182,0.75,0.7826086956521738,18,24,22,0,0,0,0,0,0,0,0,1.0,0.5,0.6666666666666666,2,1,1,0,0,0,0.9393939393939394,0.6166666666666667,0.7330917874396135,0.8620689655172413,0.6944444444444444,0.7692307692307692,0.6410256410256411,complex,3,3,0.0,0.0,0.0,3.124999999992717e-05,0.0,0.003493750000000073,0.003057291666666666,0.0001541666666668995,3,3,3,3,2.9914360791498176
part_2_vi_part_2_new_24402,0.42857142857142855,1.0,0.6,6,6,14,2,1,1,0,0.0,0.0,0.0,0,0,0,0,0,0,0,0,0,0,0,0.0,0.0,0.0,0,0,0,0,0,0,0.42857142857142855,1.0,0.6,0.42857142857142855,1.0,0.6,0.42857142857142855,moderate,1,1,0.0,0.0,2.208932334555323,0.0,0.0017364583333334682,0.0,0.0,0.00021666666666630974,1,1,1,1,68.2315784946883
part_4_en_part_4_new_3349,1.0,0.7777777777777778,0.8750000000000001,28,36,28,0,0,0,0,1.0,0.5,0.6666666666666666,4,8,4,0,0,0,0,0,0,0,0,0.0,0.0,0.0,0,0,0,0,0,0,1.0,0.6388888888888888,0.7708333333333334,1.0,0.7272727272727273,0.8421052631578948,0.7272727272727273,complex,3,4,0.0,0.0,0.0,0.0,0.0,0.0,0.0,0.0,3,4,3,3,0.31503705883686833
part_2_vi_part_2_new_15394,1.0,1.0,1.0,36,36,36,0,0,0,0,0.0,0.0,0.0,0,0,0,0,0,0,0,0,0,0,0,0.0,0.0,0.0,0,0,0,0,0,0,1.0,1.0,1.0,1.0,1.0,1.0,1.0,complex,2,2,0.0,0.0,0.0,0.0006020833333333364,0.0,0.0,0.0,9.479166666714889e-05,1,2,2,2,1.0821591501957613
part_4_en_part_4_new_2233,1.0,1.0,1.0,8,8,8,0,0,0,0,0.0,0.0,0.0,0,0,0,0,0,0,0,0,0,0,0,0.0,0.0,0.0,0,0,0,0,0,0,1.0,1.0,1.0,1.0,1.0,1.0,1.0,simple,1,1,0.0,0.0,2.208932334555323,0.0,0.006145833333333295,0.0,0.0,0.004557291666666963,1,1,1,1,344.15085052996153
part_6_vi_part_6_new_566,1.0,1.0,1.0,34,34,34,0,0,0,0,0.0,0.0,0.0,0,0,0,0,0,0,0,0,0,0,0,0.0,0.0,0.0,0,0,0,0,0,0,1.0,1.0,1.0,1.0,1.0,1.0,1.0,complex,5,5,0.0,0.0,0.0,0.0,0.0016739583333333918,0.0,0.0,0.0,5,5,5,5,0.5571913891213398
part_5_vi_part_5_new_921,0.5,1.0,0.6666666666666666,8,8,16,93,76,97,44,0.0,0.0,0.0,0,0,0,0,0,0,0,0,0,0,0,0.0,0.0,0.0,0,0,0,0,0,0,0.5,1.0,0.6666666666666666,0.5,1.0,0.6666666666666666,0.5,moderate,1,1,0.0,0.0,2.208932334555323,0.0,0.00012187500000004903,0.0,0.0,0.003784374999999951,1,1,1,1,33.75935148521807
part_2_vi_part_2_new_26224,0.5,0.875,0.6363636363636364,7,8,14,11,3,7,4,0.0,0.0,0.0,0,0,2,0,0,0,0,0,0,0,0,1.0,0.75,0.8571428571428571,4,3,3,2,15,0,0.5,0.5416666666666666,0.4978354978354978,0.5263157894736842,0.8333333333333334,0.6451612903225806,0.5263157894736842,moderate,1,1,0.0,0.0,0.0,0.0,0.0,0.0,0.0006624999999999999,0.00030312499999984865,1,1,1,1,124.80168002320025
part_2_en_part_2_new_19892,1.0,1.0,1.0,8,8,8,5,6,5,6,0.0,0.0,0.0,0,0,0,0,0,0,0,0,0,0,0,0.0,0.0,0.0,0,0,0,0,0,0,1.0,1.0,1.0,1.0,1.0,1.0,1.0,simple,1,1,0.0,0.0,0.0,0.0,0.0,0.0,0.004317708333333333,0.009545833333333587,1,1,1,1,593.0636870852309
part_4_vi_part_4_new_2923,0.5454545454545454,0.3333333333333333,0.41379310344827586,6,18,11,3,0,3,3,0.0,0.0,0.0,0,0,1,0,0,0,0,0,0,0,0,0.0,0.0,0.0,0,0,0,0,0,0,0.2727272727272727,0.16666666666666666,0.20689655172413793,0.5,0.3333333333333333,0.4,0.25,moderate,1,1,0.0,0.0,0.0,0.0,0.0,0.0,0.0,0.00501354166666701,1,1,1,1,139.69657223591307
part_5_en_part_5_new_395,1.0,1.0,1.0,4,4,4,0,0,0,0,0.0,0.0,0.0,0,0,0,0,0,0,0,0,0,0,0,0.0,0.0,0.0,0,0,0,0,0,0,1.0,1.0,1.0,1.0,1.0,1.0,1.0,simple,1,1,0.0,0.0,2.208932334555323,0.0,0.006249999999999867,0.0015625000000001332,0.0015625000000000005,0.0052739583333334394,1,1,1,1,343.24934688015827
part_6_vi_part_6_new_157,0.9230769230769231,1.0,0.9600000000000001,12,12,13,36,23,36,19,0.0,0.0,0.0,0,0,0,0,0,0,0,0,0,0,0,0.0,0.0,0.0,0,0,0,0,0,0,0.9230769230769231,1.0,0.9600000000000001,0.9230769230769231,1.0,0.9600000000000001,0.9230769230769231,moderate,2,2,0.0,0.0,4.417864669110647,0.002232291666666608,0.001953125,0.0,0.005580208333333334,0.0,2,2,2,2,9.027595699533007
part_3_en_part_3_new_6715,1.0,1.0,1.0,12,12,12,0,2,0,2,0.0,0.0,0.0,0,0,0,0,0,0,0,0,0,0,0,0.0,0.0,0.0,0,0,0,0,0,0,1.0,1.0,1.0,1.0,1.0,1.0,1.0,moderate,3,3,0.0,0.0,0.0,0.004280208333333313,0.0026041666666667407,0.0,0.0026041666666666665,0.0,3,3,3,3,2.887863087726466
part_9_vi_part_9_new_5,1.0,1.0,1.0,12,12,12,2,0,2,0,0.0,0.0,0.0,0,0,0,0,0,0,0,0,0,0,0,0.0,0.0,0.0,0,0,0,0,0,0,1.0,1.0,1.0,1.0,1.0,1.0,1.0,moderate,3,3,0.0,0.0,0.0,0.0,0.0,0.00032291666666672825,0.00040416666666666666,0.0,3,3,3,3,0.37994085359263563
part_3_en_part_3_new_7971,0.0,0.0,0.0,0,0,0,0,0,0,0,0.0,0.0,0.0,0,0,0,0,0,0,0,0,0,0,0,1.0,1.0,1.0,2,2,2,0,0,0,1.0,1.0,1.0,1.0,1.0,1.0,1.0,simple,2,2,0.0,0.0,0.0,0.000813541666666806,0.000813541666666806,0.0,0.0016281250000000002,0.0,2,2,2,2,13.766743134886305
part_8_vi_part_8_new_1,1.0,1.0,1.0,31,31,31,0,0,0,0,0.0,0.0,0.0,0,0,0,0,0,0,0,0,0,0,0,0.0,0.0,0.0,0,0,0,0,0,0,1.0,1.0,1.0,1.0,1.0,1.0,1.0,complex,7,7,4.417864669110647,0.0,2.208932334555323,0.005140624999999899,3.0208333333225923e-05,0.00771145833333331,0.002570833333333333,0.0,7,7,7,7,2.4186476985116068
part_9_en_part_9_new_16,1.0,1.0,1.0,4,4,4,0,0,0,0,0.0,0.0,0.0,0,0,0,0,0,0,0,0,0,0,0,0.0,0.0,0.0,0,0,0,0,0,0,1.0,1.0,1.0,1.0,1.0,1.0,1.0,simple,1,1,0.0,0.0,0.0,0.0,0.0,0.0017364583333334682,0.001736458333333333,0.001539583333333372,1,1,1,1,102.74847254050604
part_2_vi_part_2_new_8353,1.0,1.0,1.0,6,6,6,0,0,0,1,0.0,0.0,0.0,0,0,0,0,0,0,0,0,0,0,0,0.0,0.0,0.0,0,0,0,0,0,0,1.0,1.0,1.0,1.0,1.0,1.0,1.0,simple,1,1,0.0,0.0,2.208932334555323,0.0,0.0,0.0,0.0,0.0007281250000001904,1,1,1,1,328.6790876992591
part_2_en_part_2_new_19113,0.125,0.16666666666666666,0.14285714285714288,1,6,8,0,0,0,0,0.0,0.0,0.0,0,6,5,0,0,0,0,0,0,0,0,0.75,0.3333333333333333,0.46153846153846156,9,4,3,2,0,2,0.2916666666666667,0.16666666666666666,0.2014652014652015,0.23529411764705882,0.19047619047619047,0.21052631578947367,0.13793103448275862,moderate,1,1,0.0,0.0,0.0,0.0,0.0,0.0,0.0,0.0,1,1,1,1,6.4355791480943205
part_2_vi_part_2_new_9470,1.0,1.0,1.0,4,4,4,0,0,0,0,0.0,0.0,0.0,0,0,0,0,0,0,0,0,0,0,0,0.0,0.0,0.0,0,0,0,0,0,0,1.0,1.0,1.0,1.0,1.0,1.0,1.0,simple,1,1,0.0,0.0,0.0,0.0,0.0,0.0,0.0024552083333333335,0.0005583333333336604,1,1,1,1,11.842017149687935
part_5_en_part_5_new_700,1.0,1.0,1.0,16,16,16,0,0,0,0,1.0,1.0,1.0,16,16,16,0,0,0,0,0,0,0,0,0.0,0.0,0.0,0,0,0,0,0,0,1.0,1.0,1.0,1.0,1.0,1.0,1.0,complex,4,4,0.0,0.0,0.0,0.0,0.005468749999999911,0.006250000000000089,0.0,0.006250000000000533,4,4,4,4,18.846551998914382
part_5_vi_part_5_new_1332,1.0,1.0,1.0,5,5,5,0,0,0,0,0.0,0.0,0.0,0,0,0,0,0,0,0,0,0,0,0,1.0,0.8333333333333334,0.9090909090909091,6,5,5,3,18,0,1.0,0.9166666666666667,0.9545454545454546,1.0,0.9090909090909091,0.9523809523809523,0.9090909090909091,simple,2,2,0.0,0.0,0.0,0.0020197916666666593,0.00468124999999997,2.1874999999837996e-05,0.004680208333333333,0.00754374999999996,1,2,2,2,37.405892031260144
part_5_en_part_5_new_1271,1.0,1.0,1.0,12,12,12,0,0,0,0,0.0,0.0,0.0,0,0,0,0,0,0,0,0,0,0,0,1.0,1.0,1.0,1,1,1,0,0,0,1.0,1.0,1.0,1.0,1.0,1.0,1.0,moderate,3,3,2.2089323345553233,0.0,0.0,0.007685416666666667,0.0,0.0,0.00012708333333333321,0.0,3,3,3,3,53.94860841564106
part_2_vi_part_2_new_18472,1.0,0.5,0.6666666666666666,4,8,4,0,0,0,0,0.0,0.0,0.0,0,0,0,0,0,0,0,0,0,0,0,0.0,0.0,0.0,0,0,0,0,0,0,1.0,0.5,0.6666666666666666,1.0,0.5,0.6666666666666666,0.5,simple,1,1,0.0,0.0,2.208932334555323,0.0,0.006076041666666532,0.0,0.0,0.005685416666666221,1,1,1,1,349.6116875305089
part_2_en_part_2_new_28639,0.0,0.0,0.0,0,0,8,0,0,0,0,0.0,0.0,0.0,0,0,4,0,0,0,0,0,0,0,0,0.0,0.0,0.0,2,0,0,0,0,0,0.0,0.0,0.0,0.0,0.0,0.0,0.0,moderate,1,1,0.0,0.0,2.208932334555323,0.0,0.0078125,0.0,0.0072833333333333335,0.007741666666666536,1,1,1,1,359.2381238044223
part_4_vi_part_4_new_610,0.75,0.7058823529411765,0.7272727272727272,12,17,16,0,0,0,0,0.0,0.0,0.0,0,0,0,0,0,0,0,0,0,0,0,1.0,0.5,0.6666666666666666,2,1,1,0,0,0,0.875,0.6029411764705883,0.6969696969696969,0.7647058823529411,0.6842105263157895,0.7222222222222222,0.5909090909090909,moderate,2,2,0.0,0.0,0.0,0.0,0.0,0.0028249999999998554,0.0045916666666666675,0.0,1,2,2,2,86.39376560302733
part_2_en_part_2_new_20304,1.0,1.0,1.0,4,4,4,0,0,0,0,0.0,0.0,0.0,0,0,0,0,0,0,0,0,0,0,0,1.0,1.0,1.0,1,1,1,0,0,0,1.0,1.0,1.0,1.0,1.0,1.0,1.0,simple,1,1,0.0,0.0,0.0,0.0,0.0,0.0,0.0003718749999999998,0.001209374999999735,1,1,1,1,31.666277023546254
part_3_vi_part_3_new_6719,1.0,1.0,1.0,4,4,4,0,1,0,1,0.0,0.0,0.0,0,0,0,0,0,0,0,0,0,0,0,0.0,0.0,0.0,0,0,0,0,0,0,1.0,1.0,1.0,1.0,1.0,1.0,1.0,simple,1,1,0.0,0.0,0.0,0.0,0.0,0.003005208333333398,0.0,0.00014062500000022737,1,1,1,1,568.2073887035823
part_2_en_part_2_new_23873,0.5,1.0,0.6666666666666666,8,8,16,0,0,0,0,0.0,0.0,0.0,0,4,0,0,0,0,0,0,0,0,0,0.0,0.0,0.0,0,0,0,0,0,0,0.5,1.0,0.6666666666666666,0.5,1.0,0.6666666666666666,0.5,moderate,1,1,0.0,0.0,0.0,0.0,0.0,0.0,0.0,0.002845833333333214,1,1,1,1,80.59406401505608
part_3_vi_part_3_new_10463,0.0,0.0,0.0,0,0,0,0,0,0,0,0.0,0.0,0.0,0,0,0,0,0,0,0,0,0,0,0,1.0,1.0,1.0,4,4,4,0,0,0,1.0,1.0,1.0,1.0,1.0,1.0,1.0,simple,2,2,0.0,0.0,0.0,0.0,0.0,0.0,0.0,0.0,2,2,2,2,0.01633873988909209
part_5_en_part_5_new_347,1.0,1.0,1.0,4,4,4,0,0,0,0,0.0,0.0,0.0,0,0,0,0,0,0,0,0,0,0,0,1.0,1.0,1.0,2,2,2,0,0,0,1.0,1.0,1.0,1.0,1.0,1.0,1.0,simple,3,3,0.0,0.0,2.208932334555323,0.0,0.0,0.0014645833333333247,0.0,0.005370833333333547,2,3,3,3,401.5442669327355
part_2_vi_part_2_new_3190,0.8888888888888888,0.7272727272727273,0.7999999999999999,16,22,18,28,30,25,33,0.0,0.0,0.0,0,0,0,0,0,0,0,0,0,0,0,0.0,0.0,0.0,0,0,0,0,0,0,0.8888888888888888,0.7272727272727273,0.7999999999999999,0.8888888888888888,0.7272727272727273,0.7999999999999999,0.6666666666666666,moderate,1,1,0.0,0.0,2.208932334555323,0.0,0.0006447916666665332,0.0,0.0,5.208333333062143e-06,1,1,1,1,149.85278896185807
part_7_en_part_7_new_178,1.0,1.0,1.0,16,16,16,8,0,8,0,0.0,0.0,0.0,0,0,0,0,0,0,0,0,0,0,0,0.0,0.0,0.0,0,0,0,0,0,0,1.0,1.0,1.0,1.0,1.0,1.0,1.0,moderate,4,4,0.0,0.0,0.0,0.0,0.0,0.0,0.003906249999999999,0.0017364583333336903,4,4,4,4,1.797274254912935
part_4_vi_part_4_new_3788,1.0,1.0,1.0,16,16,16,1,3,1,3,0.0,0.0,0.0,0,0,0,0,0,0,0,0,0,0,0,0.0,0.0,0.0,0,0,0,0,0,0,1.0,1.0,1.0,1.0,1.0,1.0,1.0,moderate,4,4,2.208932334555323,0.0,0.0,0.0009770833333333506,0.0,0.0,0.0,0.001953125,4,4,4,4,4.113677487543142
part_5_en_part_5_new_1292,0.6666666666666666,0.5,0.5714285714285715,4,8,6,0,0,0,0,0.0,0.0,0.0,0,0,0,0,0,0,0,0,0,0,0,0.0,0.0,0.0,0,0,0,0,0,0,0.6666666666666666,0.5,0.5714285714285715,0.6666666666666666,0.5,0.5714285714285715,0.4,simple,1,1,0.0,0.0,2.208932334555323,0.0,0.006249999999999867,0.0,0.0015625000000000005,0.006168750000000056,1,1,1,1,309.4453513177097
part_6_vi_part_6_new_76,1.0,1.0,1.0,19,19,19,0,0,0,0,1.0,1.0,1.0,2,2,2,0,0,0,0,0,0,0,0,1.0,1.0,1.0,1,1,1,0,0,0,1.0,1.0,1.0,1.0,1.0,1.0,1.0,complex,6,6,0.0,0.0,0.0,0.0001562499999998579,0.00013958333333330408,0.0024999999999999467,0.00031250000000000006,0.002500000000000391,6,6,6,6,0.42707419268990215
part_4_en_part_4_new_1514,1.0,1.0,1.0,20,20,20,5,2,5,2,0.0,0.0,0.0,0,0,0,0,0,0,0,0,0,0,0,0.0,0.0,0.0,0,0,0,0,0,0,1.0,1.0,1.0,1.0,1.0,1.0,1.0,moderate,4,4,0.0,0.0,4.417864669110647,0.00297499999999995,0.00390625,0.0035156250000001332,0.005208333333333334,0.0016927083333335702,4,4,4,4,0.6398263899922642
part_7_vi_part_7_new_9,0.0,0.0,0.0,0,0,0,0,0,0,0,0.0,0.0,0.0,0,0,0,0,0,0,0,0,0,0,0,0.6666666666666666,1.0,0.8,2,3,2,2,2,1,0.6666666666666666,1.0,0.8,0.6666666666666666,1.0,0.8,0.6666666666666666,simple,1,1,0.0,0.0,0.0,0.005168749999999944,0.0,0.0021520833333332767,0.005403125,0.003396874999999966,1,1,1,1,290.3870935999236
part_6_en_part_6_new_242,0.7142857142857143,0.9090909090909091,0.8,10,11,14,0,0,0,0,0.0,0.0,0.0,0,1,1,0,0,0,0,0,0,0,0,1.0,1.0,1.0,2,2,2,0,0,0,0.5714285714285715,0.6363636363636364,0.6,0.7058823529411765,0.8571428571428571,0.7741935483870968,0.7058823529411765,moderate,4,4,0.0,0.0,2.208932334555323,0.002083333333333437,0.0026041666666665186,0.0024458333333332583,0.00019375000000000002,0.0011166666666664327,3,4,4,4,1.859243442985605
part_2_vi_part_2_new_7166,0.5,1.0,0.6666666666666666,10,10,20,13,9,14,12,0.0,0.0,0.0,0,0,0,0,0,0,0,0,0,0,0,0.0,0.0,0.0,0,0,0,0,0,0,0.5,1.0,0.6666666666666666,0.5,1.0,0.6666666666666666,0.5,moderate,1,1,0.0,0.0,0.0,0.0,0.0,0.0,0.0,0.0009197916666670025,1,1,1,1,166.55756707540033
part_4_en_part_4_new_341,1.0,1.0,1.0,20,20,20,1,1,1,1,0.0,0.0,0.0,0,0,0,0,0,0,0,0,0,0,0,0.0,0.0,0.0,0,0,0,0,0,0,1.0,1.0,1.0,1.0,1.0,1.0,1.0,moderate,3,3,0.0,0.0,0.0,0.0007510416666665076,0.0,0.00010416666666657193,0.0005145833333333335,4.375000000056417e-05,3,3,3,3,0.23183930049429424
part_2_vi_part_2_new_8817,1.0,1.0,1.0,8,8,8,19,126,19,133,0.0,0.0,0.0,0,0,0,0,0,0,0,0,0,0,0,0.0,0.0,0.0,0,0,0,0,0,0,1.0,1.0,1.0,1.0,1.0,1.0,1.0,simple,1,1,0.0,0.0,0.0,0.0,0.0,0.0,0.0,0.0006614583333335311,1,1,1,1,32.54942610239416
part_4_en_part_4_new_2948,1.0,1.0,1.0,34,34,34,53,25,5,22,0.0,0.0,0.0,0,0,0,0,0,0,0,0,0,0,0,0.0,0.0,0.0,0,0,0,0,0,0,1.0,1.0,1.0,1.0,1.0,1.0,1.0,complex,4,4,2.208932334555323,0.0,0.0,0.0,0.0022020833333336043,0.0,0.003801041666666666,0.0002312500000001272,3,4,4,4,0.20864109196076985
part_6_vi_part_6_new_551,1.0,1.0,1.0,24,24,24,1,0,1,0,0.0,0.0,0.0,0,0,0,0,0,0,0,0,0,0,0,0.0,0.0,0.0,0,0,0,0,0,0,1.0,1.0,1.0,1.0,1.0,1.0,1.0,complex,5,5,0.0,0.0,0.0,0.0006010416666666352,0.0009020833333335254,0.00465729166666673,0.002329166666666666,0.0010510416666669187,4,5,5,5,0.841627446387273
part_2_en_part_2_new_17455,1.0,0.8333333333333334,0.9090909090909091,20,24,20,0,0,0,0,0.0,0.0,0.0,0,0,0,0,0,0,0,0,0,0,0,0.0,0.0,0.0,0,0,0,0,0,0,1.0,0.8333333333333334,0.9090909090909091,1.0,0.8333333333333334,0.9090909090909091,0.8333333333333334,moderate,2,2,0.0,0.0,0.0,0.0026041666666667407,0.0026041666666667407,0.0,0.0026041666666666665,0.0,2,2,2,2,43.70536616170117
part_4_vi_part_4_new_3129,1.0,1.0,1.0,4,4,4,0,0,0,0,0.0,0.0,0.0,0,0,0,0,0,0,0,0,0,0,0,1.0,0.75,0.8571428571428571,8,6,6,0,0,0,1.0,0.875,0.9285714285714286,1.0,0.8333333333333334,0.9090909090909091,0.8333333333333334,simple,3,3,0.0,0.0,0.0,0.00017500000000003624,0.00017500000000003624,0.0,0.0003499999999999996,0.0,3,3,3,3,0.10812445938092664
part_6_en_part_6_new_194,1.0,1.0,1.0,4,4,4,0,0,0,0,0.0,0.0,0.0,0,0,0,0,0,0,0,0,0,0,0,1.0,1.0,1.0,1,1,1,0,0,0,1.0,1.0,1.0,1.0,1.0,1.0,1.0,simple,2,2,4.417864669110647,0.0,0.0,0.006170833333333459,0.003162499999999957,7.916666666663019e-05,0.00010208333333333337,0.0013947916666667837,2,2,2,2,0.5133174769021668
part_7_vi_part_7_new_186,0.6,1.0,0.7499999999999999,12,12,20,45,3,45,3,0.0,0.0,0.0,0,0,0,0,0,0,0,0,0,0,0,0.0,0.0,0.0,0,0,0,0,0,0,0.6,1.0,0.7499999999999999,0.6,1.0,0.7499999999999999,0.6,moderate,3,3,0.0,0.0,0.0,0.0004343749999997648,0.0,0.0005062499999999304,0.0008677083333333323,0.0,3,3,3,3,0.08943412238589457
part_3_en_part_3_new_6507,0.8,1.0,0.888888888888889,16,16,20,5,0,5,0,0.0,0.0,0.0,0,0,0,0,0,0,0,0,0,0,0,0.0,0.0,0.0,0,0,0,0,0,0,0.8,1.0,0.888888888888889,0.8,1.0,0.888888888888889,0.8,moderate,2,2,0.0,0.0,0.0,0.0009625000000001993,0.003796875000000144,0.0,0.0014114583333333331,0.006170833333333903,2,2,2,2,21.851159415976305
part_2_vi_part_2_new_20210,0.3333333333333333,0.125,0.18181818181818182,1,8,3,1,2,0,2,0.2857142857142857,0.5,0.36363636363636365,4,8,14,4,3,0,4,2,2,0,0,0.0,0.0,0.0,0,1,0,0,0,0,0.20634920634920637,0.20833333333333334,0.1818181818181818,0.2777777777777778,0.3125,0.29411764705882354,0.2,moderate,1,1,0.0,0.0,2.208932334555323,0.0006479166666666369,0.0009197916666667805,2.2916666666761287e-05,0.0006479166666666673,0.0001343750000000199,1,1,1,1,287.199209985932
part_2_en_part_2_new_24398,1.0,1.0,1.0,4,4,4,0,3,0,3,1.0,1.0,1.0,4,4,4,1,11,0,11,1,11,0,0,0.0,0.0,0.0,0,0,0,0,0,0,1.0,1.0,1.0,1.0,1.0,1.0,1.0,simple,1,1,0.0,0.0,2.208932334555323,0.0003906249999998668,0.0023437499999998668,0.0003906249999998668,0.0007812499999999998,0.0007812500000001776,1,1,1,1,165.1806987450891
part_4_vi_part_4_new_3882,1.0,0.9090909090909091,0.9523809523809523,40,44,40,15,14,26,9,0.0,0.0,0.0,0,0,0,0,0,0,0,0,0,0,0,1.0,1.0,1.0,1,1,1,0,0,0,1.0,0.9545454545454546,0.9761904761904762,1.0,0.9111111111111111,0.9534883720930233,0.9111111111111111,complex,4,4,3.3133985018329852,0.0,2.208932334555323,0.006572916666666817,0.006115625000000069,0.0007760416666666714,0.006505208333333333,0.003106249999999644,4,4,4,4,1.1009626423179886
part_3_en_part_3_new_7651,1.0,1.0,1.0,4,4,4,0,0,0,0,0.0,0.0,0.0,0,0,0,0,0,0,0,0,0,0,0,1.0,1.0,1.0,1,1,1,0,0,0,1.0,1.0,1.0,1.0,1.0,1.0,1.0,simple,2,2,0.0,0.0,2.208932334555323,0.0004145833333333293,0.0010031249999999936,0.0036593750000000203,0.000830208333333333,0.002026041666666867,2,2,2,2,6.276251997134415
part_2_en_part_2_new_9161,1.0,1.0,1.0,4,4,4,28,28,28,28,0.0,0.0,0.0,0,0,0,0,0,0,0,0,0,0,0,1.0,1.0,1.0,2,2,2,105,48,26,1.0,1.0,1.0,1.0,1.0,1.0,1.0,simple,1,1,0.0,0.0,0.0,0.0,0.0,0.0,0.00729375,0.0019208333333335936,1,1,1,1,15.15075615793142
part_2_en_part_2_new_21431,1.0,1.0,1.0,4,4,4,2,1,2,1,0.0,0.0,0.0,0,0,0,0,0,0,0,0,0,0,0,0.0,0.0,0.0,0,0,0,0,0,0,1.0,1.0,1.0,1.0,1.0,1.0,1.0,simple,1,1,2.208932334555323,0.0,0.0,0.0,0.0,0.0,0.0,0.0,1,1,1,1,236.96261020148228
part_3_vi_part_3_new_3746,1.0,1.0,1.0,4,4,4,0,0,0,0,0.0,0.0,0.0,0,0,0,0,0,0,0,0,0,0,0,0.0,0.0,0.0,0,0,0,0,0,0,1.0,1.0,1.0,1.0,1.0,1.0,1.0,simple,1,1,0.0,0.0,2.208932334555323,0.0,0.0,0.0,0.0,0.0,1,1,1,1,124.34240082040542
part_2_vi_part_2_new_23057,1.0,1.0,1.0,4,4,4,0,0,0,0,0.0,0.0,0.0,0,0,0,0,0,0,0,0,0,0,0,0.0,0.0,0.0,0,0,0,0,0,0,1.0,1.0,1.0,1.0,1.0,1.0,1.0,simple,1,1,0.0,0.0,2.208932334555323,0.0,3.124999999992717e-05,0.0,0.0,9.166666666660106e-05,1,1,1,1,649.6393968333281
part_2_en_part_2_new_16352,1.0,1.0,1.0,4,4,4,1,2,1,2,0.0,0.0,0.0,0,0,0,0,0,0,0,0,0,0,0,0.0,0.0,0.0,0,0,0,0,0,0,1.0,1.0,1.0,1.0,1.0,1.0,1.0,simple,1,1,0.0,0.0,2.208932334555323,0.0,0.00015625000000007994,0.0,0.0,0.00016874999999938467,1,1,1,1,359.43432023181856
part_3_vi_part_3_new_7798,1.0,1.0,1.0,4,4,4,2,1,2,1,0.0,0.0,0.0,0,0,0,0,0,0,0,0,0,0,0,1.0,1.0,1.0,1,1,1,2,0,0,1.0,1.0,1.0,1.0,1.0,1.0,1.0,simple,1,1,0.0,0.0,2.208932334555323,0.0,0.0078125,0.0,0.0032760416666666667,3.229166666685046e-05,1,1,1,1,382.65192828798354
part_6_en_part_6_new_327,1.0,1.0,1.0,12,12,12,0,5,0,5,0.0,0.0,0.0,0,0,0,0,0,0,0,0,0,0,0,0.0,0.0,0.0,0,0,0,0,0,0,1.0,1.0,1.0,1.0,1.0,1.0,1.0,moderate,2,2,2.2089323345553233,0.0,2.208932334555323,0.0,0.003828125000000071,0.0015260416666666998,0.0028937499999999996,0.0024718749999999012,2,2,2,2,6.82557274410153
part_2_vi_part_2_new_20353,0.5555555555555556,1.0,0.7142857142857143,5,5,9,11,9,7,5,0.0,0.0,0.0,0,1,0,0,0,0,0,0,0,0,0,0.0,0.0,0.0,0,0,0,0,0,0,0.5555555555555556,1.0,0.7142857142857143,0.5555555555555556,1.0,0.7142857142857143,0.5555555555555556,simple,1,1,2.208932334555323,0.0,2.208932334555323,0.0004635416666667336,0.000173958333333335,0.000173958333333335,0.0003479166666666665,0.0001875000000000071,1,1,1,1,317.77992863199154
part_2_en_part_2_new_24399,1.0,1.0,1.0,4,4,4,0,1,0,1,1.0,1.0,1.0,4,4,4,0,14,0,14,0,14,0,0,0.0,0.0,0.0,0,0,0,0,0,0,1.0,1.0,1.0,1.0,1.0,1.0,1.0,simple,1,1,0.0,0.0,0.0,0.0,0.001953125,0.0,0.0,0.0003750000000000142,1,1,1,1,15.145841445857318
part_3_vi_part_3_new_11215,0.9,0.8181818181818182,0.8571428571428572,18,22,20,30,13,29,2,0.8333333333333334,0.7142857142857143,0.7692307692307692,5,7,6,5,0,5,0,5,0,0,0,1.0,1.0,1.0,1,1,1,0,0,0,0.9111111111111111,0.8441558441558442,0.8754578754578755,0.8888888888888888,0.8,0.8421052631578948,0.75,complex,3,3,0.0,0.0,0.0,0.003057291666666684,0.0,0.0005093750000000341,0.0,0.0,2,3,3,3,2.861045485996997
part_3_en_part_3_new_7022,1.0,0.8181818181818182,0.9,36,44,36,0,0,0,0,0.0,0.0,0.0,0,0,0,0,0,0,0,0,0,0,0,0.0,0.0,0.0,0,0,0,0,0,0,1.0,0.8181818181818182,0.9,1.0,0.8181818181818182,0.9,0.8181818181818182,complex,3,3,2.208932334555323,0.0,0.0,0.00025208333333326394,0.0010083333333332778,0.0,0.0005541666666666668,0.0,3,3,3,3,5.439197574168108
part_5_vi_part_5_new_696,1.0,1.0,1.0,6,6,6,1,1,0,0,0.0,0.0,0.0,0,0,0,0,0,0,0,0,0,0,0,0.0,0.0,0.0,0,0,0,0,0,0,1.0,1.0,1.0,1.0,1.0,1.0,1.0,simple,1,1,2.208932334555323,0.0,2.208932334555323,0.0024041666666667627,0.0,0.0,0.0005093750000000011,0.001753125000000022,1,1,1,1,432.4283275393502
part_3_en_part_3_new_3529,1.0,1.0,1.0,8,8,8,38,35,55,24,0.8,1.0,0.888888888888889,4,4,5,0,0,0,0,0,0,0,0,1.0,1.0,1.0,1,1,1,0,0,0,0.9333333333333332,1.0,0.9629629629629629,0.9285714285714286,1.0,0.962962962962963,0.9285714285714286,moderate,2,2,0.0,0.0,0.0,0.0,0.0,0.0,0.007425,0.0,2,2,2,2,16.152351757384352
part_5_vi_part_5_new_1291,1.0,1.0,1.0,4,4,4,0,0,0,0,0.0,0.0,0.0,0,0,0,0,0,0,0,0,0,0,0,0.0,0.0,0.0,0,0,0,0,0,0,1.0,1.0,1.0,1.0,1.0,1.0,1.0,simple,1,1,0.0,0.0,0.0,0.0,0.0,0.0,0.0,0.0001145833333331403,1,1,1,1,77.96472783292025
part_3_en_part_3_new_5975,1.0,0.2727272727272727,0.42857142857142855,3,11,3,0,0,0,0,0.25,0.25,0.25,1,4,4,0,2,0,1,1,1,0,0,0.0,0.0,0.0,0,0,0,0,0,0,0.625,0.26136363636363635,0.3392857142857143,0.5714285714285714,0.26666666666666666,0.36363636363636365,0.26666666666666666,simple,1,1,0.0,0.0,2.208932334555323,0.0,0.001505208333333341,0.00017604166666673748,0.001923958333333333,4.2708333333418835e-05,1,1,1,1,337.29453353815603
part_5_vi_part_5_new_1169,1.0,1.0,1.0,24,24,24,44,54,44,54,0.0,0.0,0.0,0,0,0,0,0,0,0,0,0,0,0,0.0,0.0,0.0,0,0,0,0,0,0,1.0,1.0,1.0,1.0,1.0,1.0,1.0,complex,3,3,2.208932334555323,0.0,2.208932334555323,0.0037656249999999947,0.0006406249999999503,0.004687499999999956,0.0042499999999999994,0.0,3,3,3,3,0.3389145508875184
part_5_en_part_5_new_200,0.4444444444444444,1.0,0.6153846153846153,4,4,9,4,0,6,0,0.8,1.0,0.888888888888889,4,4,5,7,0,8,0,7,0,0,0,1.0,1.0,1.0,4,4,4,8,0,0,0.7481481481481481,1.0,0.8347578347578347,0.6666666666666666,1.0,0.8,0.6666666666666666,moderate,1,1,0.0,0.0,0.0,0.0,0.0,0.0,0.0,0.00013124999999991616,1,1,1,1,47.17438838766674
part_7_vi_part_7_new_199,1.0,1.0,1.0,20,20,20,8,14,8,14,0.0,0.0,0.0,0,0,0,0,0,0,0,0,0,0,0,0.0,0.0,0.0,0,0,0,0,0,0,1.0,1.0,1.0,1.0,1.0,1.0,1.0,moderate,3,3,0.0,0.0,0.0,0.00041562500000003055,0.0,0.0001364583333334224,0.00013645833333333327,0.0,3,3,3,3,0.10044912703124287
part_2_en_part_2_new_19740,1.0,1.0,1.0,8,8,8,0,0,0,0,0.0,0.0,0.0,0,0,0,0,0,0,0,0,0,0,0,0.0,0.0,0.0,0,0,0,0,0,0,1.0,1.0,1.0,1.0,1.0,1.0,1.0,simple,1,1,0.0,0.0,2.208932334555323,0.0,0.00013020833333343695,0.0,0.0,0.00011458333333358439,1,1,1,1,134.42764987574256
part_4_vi_part_4_new_3743,0.7777777777777778,1.0,0.8750000000000001,14,14,18,0,0,0,0,0.0,0.0,0.0,0,0,0,0,0,0,0,0,0,0,0,0.0,0.0,0.0,0,0,0,0,0,0,0.7777777777777778,1.0,0.8750000000000001,0.7777777777777778,1.0,0.8750000000000001,0.7777777777777778,moderate,2,2,2.208932334555323,0.0,0.0,0.0078125,0.0,0.0,0.00021666666666666622,0.0004937500000004036,2,2,2,2,31.90568649590568
part_2_en_part_2_new_11287,1.0,1.0,1.0,4,4,4,0,1,0,1,0.0,0.0,0.0,0,0,0,0,0,0,0,0,0,0,0,0.0,0.0,0.0,0,0,0,0,0,0,1.0,1.0,1.0,1.0,1.0,1.0,1.0,simple,1,1,0.0,0.0,0.0,0.0,0.0,0.0,0.0,0.0001958333333327289,1,1,1,1,90.63033901118108
part_5_vi_part_5_new_641,1.0,1.0,1.0,4,4,4,10,10,10,10,0.0,0.0,0.0,0,0,0,0,0,0,0,0,0,0,0,0.0,0.0,0.0,0,0,0,0,0,0,1.0,1.0,1.0,1.0,1.0,1.0,1.0,simple,1,1,0.0,0.0,0.0,0.006645833333333462,0.003279166666666722,0.0,0.0066458333333333335,0.0,1,1,1,1,289.85526422853997
